{
    "info": {
      "_postman_id": "b6493494-3b82-499c-b8d5-b44475a5c5a6",
      "name": "Shiprocket API Collection",
      "schema": "https://schema.getpostman.com/json/collection/v2.1.0/collection.json"
    },
    "item": [
      {
        "name": "GET /collections-list",
        "request": {
          "method": "GET",
          "header": [],
          "url": {
            "raw": "http://localhost:3000/collections-list?page=0&limit=10",
            "protocol": "http",
            "host": ["localhost"],
            "port": "3000",
            "path": ["collections-list"],
            "query": [
              { "key": "page", "value": "0" },
              { "key": "limit", "value": "10" }
            ]
          }
        },
        "response": []
      },
      {
        "name": "GET /collection-product-list",
        "request": {
          "method": "GET",
          "header": [],
          "url": {
            "raw": "http://localhost:3000/collection-product-list?collection_id=1001&page=0&limit=5&search=nano&sort=asc&vendor=Apple&min_price=100&max_price=300",
            "protocol": "http",
            "host": ["localhost"],
            "port": "3000",
            "path": ["collection-product-list"],
            "query": [
              { "key": "collection_id", "value": "1001" },
              { "key": "page", "value": "0" },
              { "key": "limit", "value": "5" },
              { "key": "search", "value": "nano" },
              { "key": "sort", "value": "asc" },
              { "key": "vendor", "value": "Apple" },
              { "key": "min_price", "value": "100" },
              { "key": "max_price", "value": "300" }
            ]
          }
        },
        "response": []
      }
    ]
  }
  